{
  "val": {
    "accuracy": 0.9714258946973955,
    "precision": 0.9714258946973955,
    "recall": 1.0,
    "f1": 0.9855058689350378,
    "tp": 72583.0,
    "fp": 2135.0,
    "fn": 0.0
  },
  "test": "no_labels"
}