{
  "loss": [
    0.4293607771396637,
    0.17544710636138916
  ],
  "accuracy": [
    0.9750000238418579,
    1.0
  ],
  "val_loss": [
    0.2211906909942627,
    0.13897359371185303
  ],
  "val_accuracy": [
    1.0,
    1.0
  ]
}